grid_50m_ID,X,Y,SO.1,SO.2,SO.3,SO.4,SO.5,SO.6,SO.7,SO.8,SO.9
11,469.6009048,351.1890519,0,0,0,0,0,0,0,0,0
49,469.6009048,351.2390519,0,0,0,0,0,0,0,0,0
50,469.6509048,351.2390519,0,0,0,0,0,0,0,0,0
51,469.7009048,351.2390519,0,0,0,0,0,0,0,0,0
86,469.5509048,351.2890519,0,0,0,0,0,0,0,0,0
87,469.6009048,351.2890519,0,0,0,0,0,0,0,0,0
88,469.6509048,351.2890519,0,0,0,0,0,0,0,0,0
89,469.7009048,351.2890519,0,0,0,0,0,0,0,0,0
90,469.7509048,351.2890519,0,0,0,0,0,0,0,0,0
91,469.8009048,351.2890519,0,0,0,0,0,0,0,0,0
92,469.8509048,351.2890519,0,0,0,0,0,0,0,0,0
123,469.5009048,351.3390519,0,0,0,0,0,0,0,0,0
124,469.5509048,351.3390519,0,0,0,0,0,0,0,0,0
125,469.6009048,351.3390519,0,0,0,0,0,0,0,0,0
126,469.6509048,351.3390519,0,0,0,0,0,0,0,0,0
127,469.7009048,351.3390519,0,0,0,0,0,0,0,0,0
128,469.7509048,351.3390519,0,0,0,0,0,0,0,0,0
129,469.8009048,351.3390519,0,0,0,0,0,0,0,0,0
130,469.8509048,351.3390519,0,0,0,0,0,0,0,0,0
131,469.9009048,351.3390519,0,0,0,0,0,0,0,0,0
132,469.9509048,351.3390519,0,0,0,0,0,0,0,0,0
161,469.5009048,351.3890519,0,0,0,0,0,0,0,0,0
162,469.5509048,351.3890519,0,0,0,0,0,0,0,0,0
163,469.6009048,351.3890519,0,0,0,0,0,0,0,0,0
164,469.6509048,351.3890519,0,0,0,0,0,0,0,0,0
165,469.7009048,351.3890519,0,0,0,0,0,0,0,0,0
166,469.7509048,351.3890519,0,0,0,0,0,0,0,0,0
167,469.8009048,351.3890519,0,0,0,0,0,0,0,0,0
168,469.8509048,351.3890519,0,0,0,0,0,0,0,0,0
169,469.9009048,351.3890519,0,0,0,0,0,0,0,0,0
170,469.9509048,351.3890519,0,0,0,0,0,0,0,0,0
171,470.0009048,351.3890519,0,0,0,0,0,0,0,0,0
172,470.0509048,351.3890519,0,0,0,0,0,0,0,0,0
173,470.1009048,351.3890519,0,0,0,0,0,0,0,0,0
198,469.4509048,351.4390519,0,0,0,0,0,0,0,0,0
199,469.5009048,351.4390519,0,0,0,0,0,0,0,0,0
200,469.5509048,351.4390519,0,0,0,0,0,0,0,0,0
201,469.6009048,351.4390519,0,0,0,0,0,0,0,0,0
202,469.6509048,351.4390519,0,0,0,0,0,0,0,0,0
203,469.7009048,351.4390519,0,0,0,0,0,0,0,0,0
204,469.7509048,351.4390519,0,0,0,0,0,0,0,0,0
205,469.8009048,351.4390519,0,0,0,0,0,0,0,0,0
206,469.8509048,351.4390519,0,0,0,0,0,0,0,0,0
207,469.9009048,351.4390519,0,0,0,0,0,0,0,0,0
208,469.9509048,351.4390519,0,0,0,0,0,0,0,0,0
209,470.0009048,351.4390519,0,0,0,0,0,0,0,0,0
210,470.0509048,351.4390519,0,0,0,0,0,0,0,0,0
211,470.1009048,351.4390519,0,0,0,0,0,0,0,0,0
212,470.1509048,351.4390519,0,0,0,0,0,0,0,0,0
213,470.2009048,351.4390519,0,0,0,0,0,0,0,0,0
236,469.4509048,351.4890519,0,0,0,0,0,0,0,0,0
237,469.5009048,351.4890519,0,0,0,0,0,0,0,0,0
238,469.5509048,351.4890519,0,0,0,0,0,0,0,0,0
239,469.6009048,351.4890519,0,0,0,0,0,0,0,0,0
240,469.6509048,351.4890519,0,0,0,0,0,0,0,0,0
241,469.7009048,351.4890519,0,0,0,0,0,0,0,0,0
242,469.7509048,351.4890519,0,0,0,0,0,0,0,0,0
243,469.8009048,351.4890519,0,0,0,0,0,0,0,0,0
244,469.8509048,351.4890519,0,0,0,0,0,0,0,0,0
245,469.9009048,351.4890519,0,0,0,0,0,0,0,0,0
246,469.9509048,351.4890519,0,0,0,0,0,0,0,0,0
247,470.0009048,351.4890519,0,0,0,0,0,0,0,0,0
248,470.0509048,351.4890519,0,0,0,0,0,0,0,0,0
249,470.1009048,351.4890519,0,0,0,0,0,0,0,0,0
250,470.1509048,351.4890519,0,0,0,0,0,0,0,0,0
251,470.2009048,351.4890519,0,0,0,0,0,0,0,0,0
252,470.2509048,351.4890519,0,0,0,0,0,0,0,0,0
253,470.3009048,351.4890519,0,0,0,0,0,0,0,0,0
254,470.3509048,351.4890519,0,0,0,0,0,0,0,0,0
255,470.4009048,351.4890519,0,0,0,0,0,0,0,0,0
256,470.4509048,351.4890519,0,0,0,0,0,0,0,0,0
257,470.5009048,351.4890519,0,0,0,0,0,0,0,0,0
258,470.5509048,351.4890519,0,0,0,0,0,0,0,0,0
259,470.6009048,351.4890519,0,0,0,0,0,0,0,0,0
260,470.6509048,351.4890519,0,0,0,0,0,0,0,0,0
261,470.7009048,351.4890519,0,0,0,0,0,0,0,0,0
273,469.4009048,351.5390519,0,0,0,0,0,0,0,0,0
274,469.4509048,351.5390519,0,0,0,0,0,0,0,0,0
275,469.5009048,351.5390519,0,0,0,0,0,0,0,0,0
276,469.5509048,351.5390519,0,0,0,0,0,0,0,0,0
277,469.6009048,351.5390519,0,0,0,0,0,0,0,0,0
278,469.6509048,351.5390519,0,0,0,0,0,0,0,0,0
279,469.7009048,351.5390519,0,0,0,0,0,0,0,0,0
280,469.7509048,351.5390519,0,0,0,0,0,0,0,0,0
281,469.8009048,351.5390519,0,0,0,0,0,0,0,0,0
282,469.8509048,351.5390519,0,0,0,0,0,0,0,0,0
283,469.9009048,351.5390519,0,0,0,0,0,0,0,0,0
284,469.9509048,351.5390519,0,0,0,0,0,0,0,0,0
285,470.0009048,351.5390519,0,0,0,0,0,0,0,0,0
286,470.0509048,351.5390519,0,0,0,0,0,0,0,0,0
287,470.1009048,351.5390519,0,0,0,0,0,0,0,0,0
288,470.1509048,351.5390519,0,0,0,0,0,0,0,0,0
289,470.2009048,351.5390519,0,0,0,0,0,0,0,0,0
290,470.2509048,351.5390519,0,0,0,0,0,0,0,0,0
291,470.3009048,351.5390519,0,0,0,0,0,0,0,0,0
292,470.3509048,351.5390519,0,0,0,0,0,0,0,0,0
293,470.4009048,351.5390519,0,0,0,0,0,0,0,0,0
294,470.4509048,351.5390519,0,0,0,0,0,0,0,0,0
295,470.5009048,351.5390519,0,0,0,0,0,0,0,0,0
296,470.5509048,351.5390519,0,0,0,0,0,0,0,0,0
297,470.6009048,351.5390519,0,0,0,0,0,0,0,0,0
298,470.6509048,351.5390519,0,0,0,0,0,0,0,0,0
299,470.7009048,351.5390519,0,0,0,0,0,0,0,0,0
300,470.7509048,351.5390519,0,0,0,0,0,0,0,0,0
301,470.8009048,351.5390519,0,0,0,0,0,0,0,0,0
302,470.8509048,351.5390519,0,0,0,0,0,0,0,0,0
310,469.3509048,351.5890519,0,0,0,0,0,0,0,0,0
311,469.4009048,351.5890519,0,0,0,0,0,0,0,0,0
312,469.4509048,351.5890519,0,0,0,0,0,0,0,0,0
313,469.5009048,351.5890519,0,0,0,0,0,0,0,0,0
314,469.5509048,351.5890519,0,0,0,0,0,0,0,0,0
315,469.6009048,351.5890519,0,0,0,0,0,0,0,0,0
316,469.6509048,351.5890519,0,0,0,0,0,0,0,0,0
317,469.7009048,351.5890519,0,0,0,0,0,0,0,0,0
318,469.7509048,351.5890519,0,0,0,0,0,0,0,0,0
319,469.8009048,351.5890519,0,0,0,0,0,0,0,0,0
320,469.8509048,351.5890519,0,0,0,0,0,0,0,0,0
321,469.9009048,351.5890519,0,0,0,0,0,0,0,0,0
322,469.9509048,351.5890519,0,0,0,0,0,0,0,0,0
323,470.0009048,351.5890519,0,0,0,0,0,0,0,0,0
324,470.0509048,351.5890519,0,0,0,0,0,0,0,0,0
325,470.1009048,351.5890519,0,0,0,0,0,0,0,0,0
326,470.1509048,351.5890519,0,0,0,0,0,0,0,0,0
327,470.2009048,351.5890519,0,0,0,0,0,0,0,0,0
328,470.2509048,351.5890519,0,0,0,0,0,0,0,0,0
329,470.3009048,351.5890519,0,0,0,0,0,0,0,0,0
330,470.3509048,351.5890519,0,0,0,0,0,0,0,0,0
331,470.4009048,351.5890519,0,0,0,0,0,0,0,0,0
332,470.4509048,351.5890519,0,0,0,0,0,0,0,0,0
333,470.5009048,351.5890519,0,0,0,0,0,0,0,0,0
334,470.5509048,351.5890519,0,0,0,0,0,0,0,0,0
335,470.6009048,351.5890519,0,0,0,0,0,0,0,0,0
336,470.6509048,351.5890519,0,0,0,0,0,0,0,0,0
337,470.7009048,351.5890519,0,0,0,0,0,0,0,0,0
338,470.7509048,351.5890519,0,0,0,0,0,0,0,0,0
339,470.8009048,351.5890519,0,0,0,0,0,0,0,0,0
340,470.8509048,351.5890519,0,0,0,0,0,0,0,0,0
341,470.9009048,351.5890519,0,0,0,0,0,0,0,0,0
348,469.3509048,351.6390519,0,0,0,0,0,0,0,0,0
349,469.4009048,351.6390519,0,0,0,0,0,0,0,0,0
350,469.4509048,351.6390519,0,0,0,0,0,0,0,0,0
351,469.5009048,351.6390519,0,0,0,0,0,0,0,0,0
352,469.5509048,351.6390519,0,0,0,0,0,0,0,0,0
353,469.6009048,351.6390519,0,0,0,0,0,0,0,0,0
354,469.6509048,351.6390519,0,0,0,0,0,0,0,0,0
355,469.7009048,351.6390519,0,0,0,0,0,0,0,0,0
356,469.7509048,351.6390519,0,0,0,0,0,0,0,0,0
357,469.8009048,351.6390519,0,0,0,0,0,0,0,0,0
358,469.8509048,351.6390519,0,0,0,0,0,0,0,0,0
359,469.9009048,351.6390519,0,0,0,0,0,0,0,0,0
360,469.9509048,351.6390519,0,0,0,0,0,0,0,0,0
361,470.0009048,351.6390519,0,0,0,0,0,0,0,0,0
362,470.0509048,351.6390519,0,0,0,0,0,0,0,0,0
363,470.1009048,351.6390519,0,0,0,0,0,0,0,0,0
364,470.1509048,351.6390519,0,0,0,0,0,0,0,0,0
365,470.2009048,351.6390519,0,0,0,0,0,0,0,0,0
366,470.2509048,351.6390519,0,0,0,0,0,0,0,0,0
367,470.3009048,351.6390519,0,0,0,0,0,0,0,0,0
368,470.3509048,351.6390519,0,0,0,0,0,0,0,0,0
369,470.4009048,351.6390519,0,0,0,0,0,0,0,0,0
370,470.4509048,351.6390519,0,0,0,0,0,0,0,0,0
371,470.5009048,351.6390519,0,0,0,0,0,0,0,0,0
372,470.5509048,351.6390519,0,0,0,0,0,0,0,0,0
373,470.6009048,351.6390519,0,0,0,0,0,0,0,0,0
374,470.6509048,351.6390519,0,0,0,0,0,0,0,0,0
375,470.7009048,351.6390519,0,0,0,0,0,0,0,0,0
376,470.7509048,351.6390519,0,0,0,0,0,0,0,0,0
377,470.8009048,351.6390519,0,0,0,0,0,0,0,0,0
378,470.8509048,351.6390519,0,0,0,0,0,0,0,0,0
379,470.9009048,351.6390519,0,0,0,0,0,0,0,0,0
385,469.3009048,351.6890519,0,0,0,0,0,0,0,0,0
386,469.3509048,351.6890519,0,0,0,0,0,0,0,0,0
387,469.4009048,351.6890519,0,0,0,0,0,0,0,0,0
388,469.4509048,351.6890519,0,0,0,0,0,0,0,0,0
389,469.5009048,351.6890519,0,0,0,0,0,0,0,0,0
390,469.5509048,351.6890519,0,0,0,0,0,0,0,0,0
391,469.6009048,351.6890519,0,0,0,0,0,0,0,0,0
392,469.6509048,351.6890519,0,0,0,0,0,0,0,0,0
393,469.7009048,351.6890519,0,0,0,0,0,0,0,0,0
394,469.7509048,351.6890519,0,0,0,0,0,0,0,0,0
395,469.8009048,351.6890519,0,0,0,0,0,0,0,0,0
396,469.8509048,351.6890519,0,0,0,0,0,0,0,0,0
397,469.9009048,351.6890519,0,0,0,0,0,0,0,0,0
398,469.9509048,351.6890519,0,0,0,0,0,0,0,0,0
399,470.0009048,351.6890519,0,0,0,0,0,0,0,0,0
400,470.0509048,351.6890519,0,0,0,0,0,0,0,0,0
401,470.1009048,351.6890519,0,0,0,0,0,0,0,0,0
402,470.1509048,351.6890519,0,0,0,0,0,0,0,0,0
403,470.2009048,351.6890519,0,0,0,0,0,0,0,0,0
404,470.2509048,351.6890519,0,0,0,0,0,0,0,0,0
405,470.3009048,351.6890519,0,0,0,0,0,0,0,0,0
406,470.3509048,351.6890519,0,0,0,0,0,0,0,0,0
407,470.4009048,351.6890519,0,0,0,0,0,0,0,0,0
408,470.4509048,351.6890519,0,0,0,0,0,0,0,0,0
409,470.5009048,351.6890519,0,0,0,0,0,0,0,0,0
410,470.5509048,351.6890519,0,0,0,0,0,0,0,0,0
411,470.6009048,351.6890519,0,0,0,0,0,0,0,0,0
414,470.7509048,351.6890519,0,0,0,0,0,0,0,0,0
415,470.8009048,351.6890519,0,0,0,0,0,0,0,0,0
416,470.8509048,351.6890519,0,0,0,0,0,0,0,0,0
422,469.2509048,351.7390519,0,0,0,0,0,0,0,0,0
423,469.3009048,351.7390519,0,0,0,0,0,0,0,0,0
424,469.3509048,351.7390519,0,0,0,0,0,0,0,0,0
425,469.4009048,351.7390519,0,0,0,0,0,0,0,0,0
426,469.4509048,351.7390519,0,0,0,0,0,0,0,0,0
427,469.5009048,351.7390519,0,0,0,0,0,0,0,0,0
428,469.5509048,351.7390519,0,0,0,0,0,0,0,0,0
429,469.6009048,351.7390519,0,0,0,0,0,0,0,0,0
430,469.6509048,351.7390519,0,0,0,0,0,0,0,0,0
431,469.7009048,351.7390519,0,0,0,0,0,0,0,0,0
432,469.7509048,351.7390519,0,0,0,0,0,0,0,0,0
433,469.8009048,351.7390519,0,0,0,0,0,0,0,0,0
434,469.8509048,351.7390519,0,0,0,0,0,0,0,0,0
435,469.9009048,351.7390519,0,0,0,0,0,0,0,0,0
436,469.9509048,351.7390519,0,0,0,0,0,0,0,0,0
437,470.0009048,351.7390519,0,0,0,0,0,0,0,0,0
438,470.0509048,351.7390519,1,1,1,1,1,1,1,1,1
439,470.1009048,351.7390519,1,1,1,1,1,1,1,1,1
440,470.1509048,351.7390519,1,1,1,1,1,1,1,1,1
441,470.2009048,351.7390519,0,0,0,0,0,0,0,0,0
442,470.2509048,351.7390519,0,0,0,0,0,0,0,0,0
443,470.3009048,351.7390519,0,0,0,0,0,0,0,0,0
444,470.3509048,351.7390519,0,0,0,0,0,0,0,0,0
445,470.4009048,351.7390519,0,0,0,0,0,0,0,0,0
446,470.4509048,351.7390519,0,0,0,0,0,0,0,0,0
447,470.5009048,351.7390519,0,0,0,0,0,0,0,0,0
448,470.5509048,351.7390519,0,0,0,0,0,0,0,0,0
453,470.8009048,351.7390519,0,0,0,0,0,0,0,0,0
454,470.8509048,351.7390519,0,0,0,0,0,0,0,0,0
460,469.2509048,351.7890519,0,0,0,0,0,0,0,0,0
461,469.3009048,351.7890519,0,0,0,0,0,0,0,0,0
462,469.3509048,351.7890519,0,0,0,0,0,0,0,0,0
463,469.4009048,351.7890519,0,0,0,0,0,0,0,0,0
464,469.4509048,351.7890519,0,0,0,0,0,0,0,0,0
465,469.5009048,351.7890519,0,0,0,0,0,0,0,0,0
466,469.5509048,351.7890519,0,0,0,0,0,0,0,0,0
467,469.6009048,351.7890519,0,0,0,0,0,0,0,0,0
468,469.6509048,351.7890519,0,0,0,0,0,0,0,0,0
469,469.7009048,351.7890519,0,0,0,0,0,0,0,0,0
470,469.7509048,351.7890519,0,0,0,0,0,0,0,0,0
471,469.8009048,351.7890519,0,0,0,0,0,0,0,0,0
472,469.8509048,351.7890519,0,0,0,0,0,0,0,0,0
473,469.9009048,351.7890519,0,0,0,0,0,0,0,0,0
474,469.9509048,351.7890519,0,0,0,0,0,0,0,0,0
475,470.0009048,351.7890519,0,0,0,0,0,0,0,0,0
476,470.0509048,351.7890519,1,1,1,1,1,1,1,1,1
477,470.1009048,351.7890519,1,1,1,1,1,1,1,1,1
478,470.1509048,351.7890519,1,1,1,1,1,1,1,1,1
479,470.2009048,351.7890519,0,0,0,0,0,0,0,0,0
480,470.2509048,351.7890519,0,0,0,0,0,0,0,0,0
481,470.3009048,351.7890519,0,0,0,0,0,0,0,0,0
482,470.3509048,351.7890519,0,0,0,0,0,0,0,0,0
483,470.4009048,351.7890519,0,0,0,0,0,0,0,0,0
484,470.4509048,351.7890519,0,0,0,0,0,0,0,0,0
485,470.5009048,351.7890519,0,0,0,0,0,0,0,0,0
497,469.2009048,351.8390519,0,0,0,0,0,0,0,0,0
498,469.2509048,351.8390519,0,0,0,0,0,0,0,0,0
499,469.3009048,351.8390519,0,0,0,0,0,0,0,0,0
500,469.3509048,351.8390519,0,0,0,0,0,0,0,0,0
501,469.4009048,351.8390519,0,0,0,0,0,0,0,0,0
502,469.4509048,351.8390519,0,0,0,0,0,0,0,0,0
503,469.5009048,351.8390519,0,0,0,0,0,0,0,0,0
504,469.5509048,351.8390519,0,0,0,0,0,0,0,0,0
505,469.6009048,351.8390519,0,0,0,0,0,0,0,0,0
506,469.6509048,351.8390519,0,0,0,0,0,0,0,0,0
507,469.7009048,351.8390519,0,0,0,0,0,0,0,0,0
508,469.7509048,351.8390519,0,0,0,0,0,0,0,0,0
509,469.8009048,351.8390519,0,0,0,0,0,0,0,0,0
510,469.8509048,351.8390519,0,0,0,0,0,0,0,0,0
511,469.9009048,351.8390519,0,0,0,0,0,0,0,0,0
512,469.9509048,351.8390519,0,0,0,0,0,0,0,0,0
513,470.0009048,351.8390519,1,1,1,1,1,1,1,1,1
514,470.0509048,351.8390519,1,1,1,1,1,1,1,1,1
515,470.1009048,351.8390519,1,1,1,1,1,1,1,1,1
516,470.1509048,351.8390519,1,1,1,1,1,1,1,1,1
517,470.2009048,351.8390519,0,0,0,0,0,0,0,0,0
518,470.2509048,351.8390519,0,0,0,0,0,0,0,0,0
519,470.3009048,351.8390519,0,0,0,0,0,0,0,0,0
520,470.3509048,351.8390519,0,0,0,0,0,0,0,0,0
521,470.4009048,351.8390519,0,0,0,0,0,0,0,0,0
522,470.4509048,351.8390519,1,1,1,1,1,1,1,1,1
523,470.5009048,351.8390519,1,1,1,1,1,1,1,1,1
535,469.2009048,351.8890519,0,0,0,0,0,0,0,0,0
536,469.2509048,351.8890519,0,0,0,0,0,0,0,0,0
537,469.3009048,351.8890519,0,0,0,0,0,0,0,0,0
538,469.3509048,351.8890519,0,0,0,0,0,0,0,0,0
539,469.4009048,351.8890519,0,0,0,0,0,0,0,0,0
540,469.4509048,351.8890519,0,0,0,0,0,0,0,0,0
541,469.5009048,351.8890519,0,0,0,0,0,0,0,0,0
542,469.5509048,351.8890519,0,0,0,0,0,0,0,0,0
543,469.6009048,351.8890519,0,0,0,0,0,0,0,0,0
544,469.6509048,351.8890519,0,0,0,0,0,0,0,0,0
545,469.7009048,351.8890519,0,0,0,0,0,0,0,0,0
546,469.7509048,351.8890519,0,0,0,0,0,0,0,0,0
547,469.8009048,351.8890519,0,0,0,0,0,0,0,0,0
548,469.8509048,351.8890519,0,0,0,0,0,0,0,0,0
549,469.9009048,351.8890519,0,0,0,0,0,0,0,0,0
550,469.9509048,351.8890519,1,1,1,1,1,1,1,1,1
551,470.0009048,351.8890519,1,1,1,1,1,1,1,1,1
552,470.0509048,351.8890519,1,1,1,1,1,1,1,1,1
553,470.1009048,351.8890519,1,1,1,1,1,1,1,1,1
554,470.1509048,351.8890519,1,1,1,1,1,1,1,1,1
555,470.2009048,351.8890519,0,0,0,0,0,0,0,0,0
556,470.2509048,351.8890519,0,0,0,0,0,0,0,0,0
557,470.3009048,351.8890519,1,1,1,1,1,1,1,1,1
558,470.3509048,351.8890519,1,1,1,1,1,1,1,1,1
559,470.4009048,351.8890519,1,1,1,1,1,1,1,1,1
560,470.4509048,351.8890519,1,1,1,1,1,1,1,1,1
561,470.5009048,351.8890519,1,1,1,1,1,1,1,1,1
562,470.5509048,351.8890519,1,1,1,1,1,1,1,1,1
574,469.2509048,351.9390519,0,0,0,0,0,0,0,0,0
575,469.3009048,351.9390519,0,0,0,0,0,0,0,0,0
576,469.3509048,351.9390519,0,0,0,0,0,0,0,0,0
577,469.4009048,351.9390519,0,0,0,0,0,0,0,0,0
578,469.4509048,351.9390519,0,0,0,0,0,0,0,0,0
579,469.5009048,351.9390519,0,0,0,0,0,0,0,0,0
580,469.5509048,351.9390519,0,0,0,0,0,0,0,0,0
581,469.6009048,351.9390519,0,0,0,0,0,0,0,0,0
582,469.6509048,351.9390519,0,0,0,0,0,0,0,0,0
583,469.7009048,351.9390519,0,0,0,0,0,0,0,0,0
584,469.7509048,351.9390519,0,0,0,0,0,0,0,0,0
585,469.8009048,351.9390519,0,0,0,0,0,0,0,0,0
586,469.8509048,351.9390519,0,0,0,0,0,0,0,0,0
587,469.9009048,351.9390519,1,1,1,1,1,1,1,1,1
588,469.9509048,351.9390519,1,1,1,1,1,1,1,1,1
589,470.0009048,351.9390519,1,1,1,1,1,1,1,1,1
590,470.0509048,351.9390519,1,1,1,1,1,1,1,1,1
591,470.1009048,351.9390519,1,1,1,1,1,1,1,1,1
592,470.1509048,351.9390519,1,1,1,1,1,1,1,1,1
593,470.2009048,351.9390519,0,0,0,0,0,0,0,0,0
594,470.2509048,351.9390519,0,0,0,0,0,0,0,0,0
595,470.3009048,351.9390519,1,1,1,1,1,1,1,1,1
596,470.3509048,351.9390519,1,1,1,1,1,1,1,1,1
597,470.4009048,351.9390519,1,1,1,1,1,1,1,1,1
598,470.4509048,351.9390519,1,1,1,1,1,1,1,1,1
599,470.5009048,351.9390519,1,1,1,1,1,1,1,1,1
600,470.5509048,351.9390519,0,0,0,0,0,0,0,0,0
601,470.6009048,351.9390519,0,0,0,0,0,0,0,0,0
612,469.2509048,351.9890519,0,0,0,0,0,0,0,0,0
613,469.3009048,351.9890519,0,0,0,0,0,0,0,0,0
614,469.3509048,351.9890519,0,0,0,0,0,0,0,0,0
615,469.4009048,351.9890519,0,0,0,0,0,0,0,0,0
616,469.4509048,351.9890519,0,0,0,0,0,0,0,0,0
617,469.5009048,351.9890519,0,0,0,0,0,0,0,0,0
618,469.5509048,351.9890519,0,0,0,0,0,0,0,0,0
619,469.6009048,351.9890519,0,0,0,0,0,0,0,0,0
620,469.6509048,351.9890519,0,0,0,0,0,0,0,0,0
621,469.7009048,351.9890519,0,0,0,0,0,0,0,0,0
622,469.7509048,351.9890519,0,0,0,0,0,0,0,0,0
623,469.8009048,351.9890519,0,0,0,0,0,0,0,0,0
624,469.8509048,351.9890519,0,0,0,0,0,0,0,0,0
625,469.9009048,351.9890519,0,0,0,0,0,0,0,0,0
626,469.9509048,351.9890519,0,0,0,0,0,0,0,0,0
627,470.0009048,351.9890519,0,0,0,0,0,0,0,0,0
628,470.0509048,351.9890519,0,0,0,0,0,0,0,0,0
629,470.1009048,351.9890519,0,0,0,0,0,0,0,0,0
630,470.1509048,351.9890519,0,0,0,0,0,0,0,0,0
631,470.2009048,351.9890519,0,0,0,0,0,0,0,0,0
632,470.2509048,351.9890519,0,0,0,0,0,0,0,0,0
633,470.3009048,351.9890519,0,0,0,0,0,0,0,0,0
634,470.3509048,351.9890519,1,1,1,1,1,1,1,1,1
635,470.4009048,351.9890519,1,1,1,1,1,1,1,1,1
636,470.4509048,351.9890519,0,0,0,0,0,0,0,0,0
637,470.5009048,351.9890519,0,0,0,0,0,0,0,0,0
638,470.5509048,351.9890519,0,0,0,0,0,0,0,0,0
639,470.6009048,351.9890519,0,0,0,0,0,0,0,0,0
650,469.2509048,352.0390519,1,1,1,1,1,1,1,1,1
651,469.3009048,352.0390519,1,1,1,1,1,1,1,1,1
652,469.3509048,352.0390519,1,1,1,1,1,1,1,1,1
653,469.4009048,352.0390519,0,0,0,0,0,0,0,0,0
654,469.4509048,352.0390519,0,0,0,0,0,0,0,0,0
655,469.5009048,352.0390519,1,1,1,1,1,1,1,1,1
656,469.5509048,352.0390519,1,1,1,1,1,1,1,1,1
657,469.6009048,352.0390519,1,1,1,1,1,1,1,1,1
658,469.6509048,352.0390519,1,1,1,1,1,1,1,1,1
659,469.7009048,352.0390519,1,1,1,1,1,1,1,1,1
660,469.7509048,352.0390519,1,1,1,1,1,1,1,1,1
661,469.8009048,352.0390519,1,1,1,1,1,1,1,1,1
662,469.8509048,352.0390519,1,1,1,1,1,1,1,1,1
663,469.9009048,352.0390519,1,1,1,1,1,1,1,1,1
664,469.9509048,352.0390519,1,1,1,1,1,1,1,1,1
665,470.0009048,352.0390519,1,1,1,1,1,1,1,1,1
666,470.0509048,352.0390519,1,1,1,1,1,1,1,1,1
667,470.1009048,352.0390519,1,1,1,1,1,1,1,1,1
668,470.1509048,352.0390519,1,1,1,1,1,1,1,1,1
669,470.2009048,352.0390519,0,0,0,0,0,0,0,0,0
670,470.2509048,352.0390519,0,0,0,0,0,0,0,0,0
671,470.3009048,352.0390519,0,0,0,0,0,0,0,0,0
672,470.3509048,352.0390519,1,1,1,1,1,1,1,1,1
673,470.4009048,352.0390519,1,1,1,1,1,1,1,1,1
674,470.4509048,352.0390519,0,0,0,0,0,0,0,0,0
675,470.5009048,352.0390519,0,0,0,0,0,0,0,0,0
676,470.5509048,352.0390519,0,0,0,0,0,0,0,0,0
677,470.6009048,352.0390519,0,0,0,0,0,0,0,0,0
678,470.6509048,352.0390519,0,0,0,0,0,0,0,0,0
690,469.3509048,352.0890519,1,1,1,1,1,1,1,1,1
691,469.4009048,352.0890519,1,1,1,1,1,1,1,1,1
692,469.4509048,352.0890519,1,1,1,1,1,1,1,1,1
693,469.5009048,352.0890519,1,1,1,1,1,1,1,1,1
694,469.5509048,352.0890519,1,1,1,1,1,1,1,1,1
695,469.6009048,352.0890519,1,1,1,1,1,1,1,1,1
696,469.6509048,352.0890519,1,1,1,1,1,1,1,1,1
697,469.7009048,352.0890519,1,1,1,1,1,1,1,1,1
698,469.7509048,352.0890519,1,1,1,1,1,1,1,1,1
699,469.8009048,352.0890519,1,1,1,1,1,1,1,1,1
700,469.8509048,352.0890519,1,1,1,1,1,1,1,1,1
701,469.9009048,352.0890519,1,1,1,1,0,1,1,1,0
702,469.9509048,352.0890519,1,1,1,1,0,1,1,1,0
703,470.0009048,352.0890519,1,1,1,1,0,1,1,1,0
704,470.0509048,352.0890519,1,1,1,1,0,1,1,1,0
705,470.1009048,352.0890519,1,1,1,1,1,1,1,1,1
706,470.1509048,352.0890519,1,1,1,1,1,1,1,1,1
707,470.2009048,352.0890519,0,0,0,0,0,0,0,0,0
708,470.2509048,352.0890519,1,1,1,1,1,1,1,1,0
709,470.3009048,352.0890519,1,1,1,1,1,1,1,1,0
710,470.3509048,352.0890519,1,1,1,1,1,1,1,1,1
711,470.4009048,352.0890519,1,1,1,1,1,1,1,1,1
712,470.4509048,352.0890519,1,1,1,1,1,1,1,1,1
713,470.5009048,352.0890519,0,0,0,0,0,0,0,0,0
714,470.5509048,352.0890519,0,0,0,0,0,0,0,0,0
715,470.6009048,352.0890519,0,0,0,0,0,0,0,0,0
729,469.4009048,352.1390519,1,1,1,1,1,1,1,1,1
730,469.4509048,352.1390519,1,1,1,1,1,1,1,1,1
731,469.5009048,352.1390519,1,1,1,1,1,1,1,1,1
732,469.5509048,352.1390519,1,1,1,1,1,1,1,1,1
733,469.6009048,352.1390519,1,1,1,1,1,1,1,1,1
734,469.6509048,352.1390519,1,1,1,1,1,1,1,1,1
735,469.7009048,352.1390519,1,1,1,1,1,1,1,1,1
736,469.7509048,352.1390519,1,1,1,1,1,1,1,1,1
737,469.8009048,352.1390519,1,1,1,1,1,1,1,1,1
738,469.8509048,352.1390519,1,1,1,1,1,1,1,1,1
739,469.9009048,352.1390519,1,1,1,1,0,1,1,1,0
740,469.9509048,352.1390519,1,1,1,1,0,1,1,1,0
741,470.0009048,352.1390519,1,1,1,1,0,1,1,1,0
742,470.0509048,352.1390519,1,1,1,1,0,1,1,1,0
743,470.1009048,352.1390519,1,1,1,1,1,1,1,1,1
744,470.1509048,352.1390519,1,1,1,1,1,1,1,1,1
745,470.2009048,352.1390519,1,1,1,1,1,1,1,1,0
746,470.2509048,352.1390519,1,1,1,1,1,1,1,1,0
747,470.3009048,352.1390519,1,1,1,1,1,1,1,1,0
748,470.3509048,352.1390519,1,1,1,1,1,1,1,1,0
749,470.4009048,352.1390519,1,1,1,1,1,1,1,1,1
750,470.4509048,352.1390519,1,1,1,1,1,1,1,1,1
751,470.5009048,352.1390519,0,0,0,0,0,0,0,0,0
752,470.5509048,352.1390519,0,0,0,0,0,0,0,0,0
753,470.6009048,352.1390519,0,0,0,0,0,0,0,0,0
767,469.4009048,352.1890519,1,1,1,1,1,1,1,1,1
768,469.4509048,352.1890519,1,1,1,1,1,1,1,1,1
769,469.5009048,352.1890519,1,1,1,1,1,1,1,1,1
770,469.5509048,352.1890519,1,1,1,1,1,1,1,1,1
771,469.6009048,352.1890519,1,1,1,1,1,1,1,1,1
772,469.6509048,352.1890519,1,1,1,1,1,1,1,1,1
773,469.7009048,352.1890519,1,1,1,1,1,1,1,1,1
774,469.7509048,352.1890519,1,1,1,1,1,1,1,1,1
775,469.8009048,352.1890519,1,1,1,1,1,1,1,1,1
776,469.8509048,352.1890519,1,1,1,1,1,1,1,1,1
777,469.9009048,352.1890519,1,1,1,1,0,1,1,1,0
778,469.9509048,352.1890519,1,1,1,1,1,1,1,1,1
779,470.0009048,352.1890519,1,0,1,1,1,1,0,0,1
780,470.0509048,352.1890519,1,0,1,1,1,1,0,0,1
781,470.1009048,352.1890519,1,1,1,1,1,1,1,1,1
782,470.1509048,352.1890519,1,1,1,1,1,1,1,1,1
783,470.2009048,352.1890519,1,1,1,1,1,1,1,1,1
784,470.2509048,352.1890519,1,1,1,1,1,1,1,1,0
785,470.3009048,352.1890519,1,1,1,1,1,1,1,1,0
786,470.3509048,352.1890519,1,1,1,1,1,1,1,1,0
787,470.4009048,352.1890519,0,0,0,0,0,0,0,0,0
788,470.4509048,352.1890519,0,0,0,0,0,0,0,0,0
789,470.5009048,352.1890519,0,0,0,0,0,0,0,0,0
790,470.5509048,352.1890519,0,0,0,0,0,0,0,0,0
791,470.6009048,352.1890519,0,0,0,0,0,0,0,0,0
805,469.4009048,352.2390519,1,1,1,1,1,1,1,1,1
806,469.4509048,352.2390519,1,1,1,1,1,1,1,1,1
807,469.5009048,352.2390519,1,1,1,1,1,1,1,1,1
808,469.5509048,352.2390519,1,1,1,1,1,1,1,1,1
809,469.6009048,352.2390519,1,1,1,1,1,1,1,1,1
810,469.6509048,352.2390519,1,1,1,1,1,1,1,1,1
811,469.7009048,352.2390519,1,1,1,1,1,1,1,1,1
812,469.7509048,352.2390519,1,1,1,1,1,1,1,1,1
813,469.8009048,352.2390519,1,1,1,1,1,1,1,1,1
814,469.8509048,352.2390519,1,1,1,1,1,1,1,1,1
815,469.9009048,352.2390519,1,1,1,1,1,1,1,1,1
816,469.9509048,352.2390519,1,0,1,1,1,1,0,0,1
817,470.0009048,352.2390519,1,0,1,1,1,1,0,0,1
818,470.0509048,352.2390519,1,0,1,1,1,1,0,0,1
819,470.1009048,352.2390519,1,0,1,1,1,1,0,0,1
820,470.1509048,352.2390519,1,0,1,1,1,1,0,0,1
821,470.2009048,352.2390519,1,0,1,1,1,1,0,0,1
822,470.2509048,352.2390519,1,0,1,1,1,1,0,0,1
823,470.3009048,352.2390519,1,1,1,1,1,1,1,1,1
824,470.3509048,352.2390519,1,1,1,1,1,1,1,1,1
825,470.4009048,352.2390519,0,0,0,0,0,0,0,0,0
826,470.4509048,352.2390519,0,0,0,0,0,0,0,0,0
827,470.5009048,352.2390519,0,0,0,0,0,0,0,0,0
828,470.5509048,352.2390519,0,0,0,0,0,0,0,0,0
829,470.6009048,352.2390519,0,0,0,0,0,0,0,0,0
844,469.4509048,352.2890519,1,1,1,1,1,1,1,1,1
845,469.5009048,352.2890519,1,1,1,1,1,1,1,1,1
846,469.5509048,352.2890519,1,1,1,1,1,1,1,1,1
847,469.6009048,352.2890519,1,1,1,1,1,1,1,1,1
848,469.6509048,352.2890519,1,1,1,1,1,1,1,1,1
849,469.7009048,352.2890519,1,1,1,1,1,1,1,1,1
850,469.7509048,352.2890519,1,1,1,1,1,1,1,1,1
851,469.8009048,352.2890519,1,1,1,1,1,1,1,1,1
852,469.8509048,352.2890519,1,1,1,1,1,1,1,1,1
853,469.9009048,352.2890519,1,1,1,1,1,1,1,1,1
854,469.9509048,352.2890519,1,0,1,1,1,1,0,0,1
855,470.0009048,352.2890519,1,0,1,1,1,1,0,0,1
856,470.0509048,352.2890519,1,0,1,1,1,1,0,0,1
857,470.1009048,352.2890519,1,0,1,1,1,1,0,0,1
858,470.1509048,352.2890519,1,0,1,1,1,1,0,0,1
859,470.2009048,352.2890519,1,0,1,1,1,1,0,0,1
860,470.2509048,352.2890519,1,0,1,1,1,1,0,0,1
861,470.3009048,352.2890519,1,1,1,1,1,1,1,1,1
862,470.3509048,352.2890519,0,0,0,0,0,0,0,0,0
863,470.4009048,352.2890519,0,0,0,0,0,0,0,0,0
864,470.4509048,352.2890519,0,0,0,0,0,0,0,0,0
865,470.5009048,352.2890519,0,0,0,0,0,0,0,0,0
866,470.5509048,352.2890519,0,0,0,0,0,0,0,0,0
867,470.6009048,352.2890519,0,0,0,0,0,0,0,0,0
882,469.4509048,352.3390519,1,1,1,1,1,1,1,1,1
883,469.5009048,352.3390519,1,1,1,1,1,1,1,1,1
884,469.5509048,352.3390519,1,1,1,1,1,1,1,1,1
885,469.6009048,352.3390519,1,1,1,1,1,1,1,1,1
886,469.6509048,352.3390519,1,1,1,1,1,1,1,1,1
887,469.7009048,352.3390519,1,1,1,1,1,1,1,1,1
888,469.7509048,352.3390519,1,1,1,1,1,1,1,1,1
889,469.8009048,352.3390519,1,1,1,1,1,1,1,1,1
890,469.8509048,352.3390519,1,1,1,1,1,1,1,1,1
891,469.9009048,352.3390519,1,0,1,1,1,1,0,0,1
892,469.9509048,352.3390519,1,0,1,1,1,1,0,0,1
893,470.0009048,352.3390519,1,0,1,1,1,1,0,0,1
894,470.0509048,352.3390519,1,0,1,1,1,1,0,0,1
895,470.1009048,352.3390519,1,0,1,1,1,1,0,0,1
896,470.1509048,352.3390519,1,0,1,1,1,1,0,0,1
897,470.2009048,352.3390519,1,0,1,1,1,1,0,0,1
898,470.2509048,352.3390519,1,1,1,1,1,1,1,1,1
899,470.3009048,352.3390519,1,1,1,1,1,1,1,1,1
900,470.3509048,352.3390519,0,0,0,0,0,0,0,0,0
901,470.4009048,352.3390519,0,0,0,0,0,0,0,0,0
902,470.4509048,352.3390519,0,0,0,0,0,0,0,0,0
903,470.5009048,352.3390519,0,0,0,0,0,0,0,0,0
904,470.5509048,352.3390519,0,0,0,0,0,0,0,0,0
920,469.4509048,352.3890519,1,1,1,1,1,1,1,1,1
921,469.5009048,352.3890519,1,1,1,1,1,1,1,1,1
922,469.5509048,352.3890519,1,1,1,1,1,1,1,1,1
923,469.6009048,352.3890519,1,1,1,1,1,1,1,1,1
924,469.6509048,352.3890519,1,1,1,1,1,1,1,1,1
925,469.7009048,352.3890519,1,1,1,1,1,1,1,1,1
926,469.7509048,352.3890519,1,1,1,1,1,1,1,1,1
927,469.8009048,352.3890519,1,1,1,1,1,1,1,1,1
928,469.8509048,352.3890519,1,1,1,1,1,1,1,1,1
929,469.9009048,352.3890519,1,0,1,1,1,1,0,0,1
930,469.9509048,352.3890519,1,0,1,1,1,1,0,0,1
931,470.0009048,352.3890519,1,0,1,1,1,1,0,0,1
932,470.0509048,352.3890519,1,0,1,1,1,1,0,0,1
933,470.1009048,352.3890519,1,0,1,1,1,1,0,0,1
934,470.1509048,352.3890519,1,0,1,1,1,1,0,0,1
935,470.2009048,352.3890519,0,0,0,0,0,0,0,0,0
936,470.2509048,352.3890519,1,1,1,1,1,1,1,1,1
937,470.3009048,352.3890519,1,1,1,1,1,1,1,1,1
938,470.3509048,352.3890519,0,0,0,0,0,0,0,0,0
939,470.4009048,352.3890519,0,0,0,0,0,0,0,0,0
940,470.4509048,352.3890519,0,0,0,0,0,0,0,0,0
941,470.5009048,352.3890519,0,0,0,0,0,0,0,0,0
942,470.5509048,352.3890519,0,0,0,0,0,0,0,0,0
959,469.5009048,352.4390519,0,0,0,0,0,0,0,0,0
960,469.5509048,352.4390519,1,1,1,1,1,1,1,1,1
961,469.6009048,352.4390519,1,1,1,1,1,1,1,1,1
962,469.6509048,352.4390519,1,1,1,1,1,1,1,1,1
963,469.7009048,352.4390519,1,1,1,1,1,1,1,1,1
964,469.7509048,352.4390519,1,1,1,1,1,1,1,1,1
965,469.8009048,352.4390519,1,1,1,1,1,1,1,1,1
966,469.8509048,352.4390519,1,1,1,1,1,1,1,1,1
967,469.9009048,352.4390519,1,1,1,1,1,1,1,1,1
968,469.9509048,352.4390519,1,1,1,1,1,1,1,1,1
969,470.0009048,352.4390519,1,1,1,1,1,1,1,1,1
970,470.0509048,352.4390519,1,0,1,1,1,1,0,0,1
971,470.1009048,352.4390519,1,0,1,1,1,1,0,0,1
972,470.1509048,352.4390519,0,0,0,0,0,0,0,0,0
973,470.2009048,352.4390519,0,0,0,0,0,0,0,0,0
974,470.2509048,352.4390519,0,0,0,0,0,0,0,0,0
975,470.3009048,352.4390519,0,0,0,0,0,0,0,0,0
976,470.3509048,352.4390519,0,0,0,0,0,0,0,0,0
977,470.4009048,352.4390519,0,0,0,0,0,0,0,0,0
978,470.4509048,352.4390519,0,0,0,0,0,0,0,0,0
979,470.5009048,352.4390519,0,0,0,0,0,0,0,0,0
989,469.1009048,352.4890519,0,0,0,0,0,0,0,0,0
990,469.1509048,352.4890519,0,0,0,0,0,0,0,0,0
991,469.2009048,352.4890519,0,0,0,0,0,0,0,0,0
992,469.2509048,352.4890519,0,0,0,0,0,0,0,0,0
993,469.3009048,352.4890519,0,0,0,0,0,0,0,0,0
994,469.3509048,352.4890519,0,0,0,0,0,0,0,0,0
995,469.4009048,352.4890519,0,0,0,0,0,0,0,0,0
997,469.5009048,352.4890519,0,0,0,0,0,0,0,0,0
998,469.5509048,352.4890519,0,0,0,0,0,0,0,0,0
999,469.6009048,352.4890519,0,0,0,0,0,0,0,0,0
1000,469.6509048,352.4890519,0,0,0,0,0,0,0,0,0
1001,469.7009048,352.4890519,1,1,1,1,1,1,1,1,1
1002,469.7509048,352.4890519,1,1,1,1,1,1,1,1,1
1003,469.8009048,352.4890519,1,1,1,1,1,1,1,1,1
1004,469.8509048,352.4890519,1,1,1,1,1,1,1,1,1
1005,469.9009048,352.4890519,1,1,1,1,1,1,1,1,1
1006,469.9509048,352.4890519,1,1,1,1,1,1,1,1,1
1007,470.0009048,352.4890519,1,1,1,1,1,1,1,1,1
1008,470.0509048,352.4890519,1,1,1,1,1,1,1,1,1
1009,470.1009048,352.4890519,1,1,1,1,1,1,1,1,1
1010,470.1509048,352.4890519,0,0,0,0,0,0,0,0,0
1011,470.2009048,352.4890519,0,0,0,0,0,0,0,0,0
1012,470.2509048,352.4890519,0,0,0,0,0,0,0,0,0
1013,470.3009048,352.4890519,0,0,0,0,0,0,0,0,0
1014,470.3509048,352.4890519,0,0,0,0,0,0,0,0,0
1015,470.4009048,352.4890519,0,0,0,0,0,0,0,0,0
1016,470.4509048,352.4890519,0,0,0,0,0,0,0,0,0
1017,470.5009048,352.4890519,0,0,0,0,0,0,0,0,0
1027,469.1009048,352.5390519,0,0,0,0,0,0,0,0,0
1028,469.1509048,352.5390519,0,0,0,0,0,0,0,0,0
1029,469.2009048,352.5390519,0,0,0,0,0,0,0,0,0
1030,469.2509048,352.5390519,0,0,0,0,0,0,0,0,0
1031,469.3009048,352.5390519,0,0,0,0,0,0,0,0,0
1032,469.3509048,352.5390519,0,0,0,0,0,0,0,0,0
1033,469.4009048,352.5390519,0,0,0,0,0,0,0,0,0
1034,469.4509048,352.5390519,0,0,0,0,0,0,0,0,0
1035,469.5009048,352.5390519,0,0,0,0,0,0,0,0,0
1036,469.5509048,352.5390519,0,0,0,0,0,0,0,0,0
1037,469.6009048,352.5390519,0,0,0,0,0,0,0,0,0
1038,469.6509048,352.5390519,0,0,0,0,0,0,0,0,0
1039,469.7009048,352.5390519,0,0,0,0,0,0,0,0,0
1040,469.7509048,352.5390519,1,1,1,1,1,1,1,1,1
1041,469.8009048,352.5390519,1,1,1,1,1,1,1,1,1
1042,469.8509048,352.5390519,1,1,1,1,1,1,1,1,1
1043,469.9009048,352.5390519,1,1,1,1,1,1,1,1,1
1044,469.9509048,352.5390519,1,1,1,1,1,1,1,1,1
1045,470.0009048,352.5390519,1,1,1,1,1,1,1,1,1
1046,470.0509048,352.5390519,1,1,1,1,1,1,1,1,1
1047,470.1009048,352.5390519,0,0,0,0,0,0,0,0,0
1048,470.1509048,352.5390519,0,0,0,0,0,0,0,0,0
1049,470.2009048,352.5390519,0,0,0,0,0,0,0,0,0
1050,470.2509048,352.5390519,0,0,0,0,0,0,0,0,0
1051,470.3009048,352.5390519,0,0,0,0,0,0,0,0,0
1052,470.3509048,352.5390519,0,0,0,0,0,0,0,0,0
1053,470.4009048,352.5390519,0,0,0,0,0,0,0,0,0
1065,469.1009048,352.5890519,0,0,0,0,0,0,0,0,0
1066,469.1509048,352.5890519,0,0,0,0,0,0,0,0,0
1067,469.2009048,352.5890519,0,0,0,0,0,0,0,0,0
1068,469.2509048,352.5890519,0,0,0,0,0,0,0,0,0
1069,469.3009048,352.5890519,0,0,0,0,0,0,0,0,0
1070,469.3509048,352.5890519,0,0,0,0,0,0,0,0,0
1071,469.4009048,352.5890519,0,0,0,0,0,0,0,0,0
1072,469.4509048,352.5890519,0,0,0,0,0,0,0,0,0
1073,469.5009048,352.5890519,0,0,0,0,0,0,0,0,0
1074,469.5509048,352.5890519,0,0,0,0,0,0,0,0,0
1075,469.6009048,352.5890519,0,0,0,0,0,0,0,0,0
1076,469.6509048,352.5890519,0,0,0,0,0,0,0,0,0
1077,469.7009048,352.5890519,0,0,0,0,0,0,0,0,0
1078,469.7509048,352.5890519,0,0,0,0,0,0,0,0,0
1079,469.8009048,352.5890519,1,1,1,1,1,1,1,1,1
1080,469.8509048,352.5890519,1,1,1,1,1,1,1,1,1
1081,469.9009048,352.5890519,1,1,1,1,1,1,1,1,1
1082,469.9509048,352.5890519,1,1,1,1,1,1,1,1,1
1083,470.0009048,352.5890519,1,1,1,1,1,1,1,1,1
1084,470.0509048,352.5890519,1,1,1,1,1,1,1,1,1
1085,470.1009048,352.5890519,0,0,0,0,0,0,0,0,0
1086,470.1509048,352.5890519,0,0,0,0,0,0,0,0,0
1087,470.2009048,352.5890519,0,0,0,0,0,0,0,0,0
1088,470.2509048,352.5890519,0,0,0,0,0,0,0,0,0
1089,470.3009048,352.5890519,0,0,0,0,0,0,0,0,0
1090,470.3509048,352.5890519,0,0,0,0,0,0,0,0,0
1091,470.4009048,352.5890519,0,0,0,0,0,0,0,0,0
1092,470.4509048,352.5890519,0,0,0,0,0,0,0,0,0
1103,469.1009048,352.6390519,0,0,0,0,0,0,0,0,0
1104,469.1509048,352.6390519,0,0,0,0,0,0,0,0,0
1105,469.2009048,352.6390519,0,0,0,0,0,0,0,0,0
1106,469.2509048,352.6390519,0,0,0,0,0,0,0,0,0
1107,469.3009048,352.6390519,0,0,0,0,0,0,0,0,0
1108,469.3509048,352.6390519,0,0,0,0,0,0,0,0,0
1109,469.4009048,352.6390519,0,0,0,0,0,0,0,0,0
1110,469.4509048,352.6390519,0,0,0,0,0,0,0,0,0
1111,469.5009048,352.6390519,0,0,0,0,0,0,0,0,0
1112,469.5509048,352.6390519,0,0,0,0,0,0,0,0,0
1113,469.6009048,352.6390519,0,0,0,0,0,0,0,0,0
1114,469.6509048,352.6390519,0,0,0,0,0,0,0,0,0
1115,469.7009048,352.6390519,0,0,0,0,0,0,0,0,0
1116,469.7509048,352.6390519,0,0,0,0,0,0,0,0,0
1117,469.8009048,352.6390519,0,0,0,0,0,0,0,0,0
1118,469.8509048,352.6390519,1,1,1,1,1,1,1,1,1
1119,469.9009048,352.6390519,1,1,1,1,1,1,1,1,1
1120,469.9509048,352.6390519,1,1,1,1,1,1,1,1,1
1125,470.2009048,352.6390519,0,0,0,0,0,0,0,0,0
1126,470.2509048,352.6390519,0,0,0,0,0,0,0,0,0
1127,470.3009048,352.6390519,0,0,0,0,0,0,0,0,0
1128,470.3509048,352.6390519,0,0,0,0,0,0,0,0,0
1129,470.4009048,352.6390519,0,0,0,0,0,0,0,0,0
1130,470.4509048,352.6390519,0,0,0,0,0,0,0,0,0
1141,469.1009048,352.6890519,0,0,0,0,0,0,0,0,0
1142,469.1509048,352.6890519,0,0,0,0,0,0,0,0,0
1143,469.2009048,352.6890519,0,0,0,0,0,0,0,0,0
1144,469.2509048,352.6890519,0,0,0,0,0,0,0,0,0
1145,469.3009048,352.6890519,0,0,0,0,0,0,0,0,0
1146,469.3509048,352.6890519,0,0,0,0,0,0,0,0,0
1147,469.4009048,352.6890519,0,0,0,0,0,0,0,0,0
1148,469.4509048,352.6890519,0,0,0,0,0,0,0,0,0
1149,469.5009048,352.6890519,0,0,0,0,0,0,0,0,0
1150,469.5509048,352.6890519,0,0,0,0,0,0,0,0,0
1151,469.6009048,352.6890519,0,0,0,0,0,0,0,0,0
1152,469.6509048,352.6890519,0,0,0,0,0,0,0,0,0
1153,469.7009048,352.6890519,0,0,0,0,0,0,0,0,0
1154,469.7509048,352.6890519,0,0,0,0,0,0,0,0,0
1155,469.8009048,352.6890519,0,0,0,0,0,0,0,0,0
1156,469.8509048,352.6890519,1,1,1,1,1,1,1,1,1
1157,469.9009048,352.6890519,1,1,1,1,1,1,1,1,1
1158,469.9509048,352.6890519,1,1,1,1,1,1,1,1,1
1163,470.2009048,352.6890519,0,0,0,0,0,0,0,0,0
1164,470.2509048,352.6890519,0,0,0,0,0,0,0,0,0
1165,470.3009048,352.6890519,0,0,0,0,0,0,0,0,0
1166,470.3509048,352.6890519,0,0,0,0,0,0,0,0,0
1167,470.4009048,352.6890519,0,0,0,0,0,0,0,0,0
1168,470.4509048,352.6890519,0,0,0,0,0,0,0,0,0
1179,469.1009048,352.7390519,0,0,0,0,0,0,0,0,0
1180,469.1509048,352.7390519,0,0,0,0,0,0,0,0,0
1181,469.2009048,352.7390519,0,0,0,0,0,0,0,0,0
1182,469.2509048,352.7390519,0,0,0,0,0,0,0,0,0
1183,469.3009048,352.7390519,0,0,0,0,0,0,0,0,0
1184,469.3509048,352.7390519,0,0,0,0,0,0,0,0,0
1185,469.4009048,352.7390519,0,0,0,0,0,0,0,0,0
1186,469.4509048,352.7390519,0,0,0,0,0,0,0,0,0
1187,469.5009048,352.7390519,0,0,0,0,0,0,0,0,0
1188,469.5509048,352.7390519,0,0,0,0,0,0,0,0,0
1189,469.6009048,352.7390519,0,0,0,0,0,0,0,0,0
1190,469.6509048,352.7390519,0,0,0,0,0,0,0,0,0
1191,469.7009048,352.7390519,0,0,0,0,0,0,0,0,0
1192,469.7509048,352.7390519,0,0,0,0,0,0,0,0,0
1193,469.8009048,352.7390519,0,0,0,0,0,0,0,0,0
1194,469.8509048,352.7390519,1,1,1,1,1,1,1,1,1
1195,469.9009048,352.7390519,1,1,1,1,1,1,1,1,1
1201,470.2009048,352.7390519,0,0,0,0,0,0,0,0,0
1202,470.2509048,352.7390519,0,0,0,0,0,0,0,0,0
1203,470.3009048,352.7390519,0,0,0,0,0,0,0,0,0
1204,470.3509048,352.7390519,0,0,0,0,0,0,0,0,0
1205,470.4009048,352.7390519,0,0,0,0,0,0,0,0,0
1217,469.1009048,352.7890519,0,0,0,0,0,0,0,0,0
1218,469.1509048,352.7890519,0,0,0,0,0,0,0,0,0
1219,469.2009048,352.7890519,0,0,0,0,0,0,0,0,0
1220,469.2509048,352.7890519,0,0,0,0,0,0,0,0,0
1221,469.3009048,352.7890519,0,0,0,0,0,0,0,0,0
1222,469.3509048,352.7890519,0,0,0,0,0,0,0,0,0
1223,469.4009048,352.7890519,0,0,0,0,0,0,0,0,0
1224,469.4509048,352.7890519,0,0,0,0,0,0,0,0,0
1225,469.5009048,352.7890519,0,0,0,0,0,0,0,0,0
1226,469.5509048,352.7890519,0,0,0,0,0,0,0,0,0
1227,469.6009048,352.7890519,0,0,0,0,0,0,0,0,0
1228,469.6509048,352.7890519,0,0,0,0,0,0,0,0,0
1229,469.7009048,352.7890519,0,0,0,0,0,0,0,0,0
1230,469.7509048,352.7890519,0,0,0,0,0,0,0,0,0
1231,469.8009048,352.7890519,0,0,0,0,0,0,0,0,0
1232,469.8509048,352.7890519,0,0,0,0,0,0,0,0,0
1233,469.9009048,352.7890519,1,1,1,1,1,1,1,1,1
1255,469.1009048,352.8390519,0,0,0,0,0,0,0,0,0
1256,469.1509048,352.8390519,0,0,0,0,0,0,0,0,0
1257,469.2009048,352.8390519,0,0,0,0,0,0,0,0,0
1258,469.2509048,352.8390519,0,0,0,0,0,0,0,0,0
1259,469.3009048,352.8390519,0,0,0,0,0,0,0,0,0
1260,469.3509048,352.8390519,0,0,0,0,0,0,0,0,0
1261,469.4009048,352.8390519,0,0,0,0,0,0,0,0,0
1262,469.4509048,352.8390519,0,0,0,0,0,0,0,0,0
1263,469.5009048,352.8390519,0,0,0,0,0,0,0,0,0
1264,469.5509048,352.8390519,0,0,0,0,0,0,0,0,0
1265,469.6009048,352.8390519,0,0,0,0,0,0,0,0,0
1266,469.6509048,352.8390519,0,0,0,0,0,0,0,0,0
1267,469.7009048,352.8390519,0,0,0,0,0,0,0,0,0
1268,469.7509048,352.8390519,0,0,0,0,0,0,0,0,0
1269,469.8009048,352.8390519,0,0,0,0,0,0,0,0,0
1270,469.8509048,352.8390519,0,0,0,0,0,0,0,0,0
1271,469.9009048,352.8390519,1,1,1,1,1,1,1,1,1
1293,469.1009048,352.8890519,0,0,0,0,0,0,0,0,0
1294,469.1509048,352.8890519,0,0,0,0,0,0,0,0,0
1295,469.2009048,352.8890519,0,0,0,0,0,0,0,0,0
1296,469.2509048,352.8890519,0,0,0,0,0,0,0,0,0
1297,469.3009048,352.8890519,0,0,0,0,0,0,0,0,0
1298,469.3509048,352.8890519,0,0,0,0,0,0,0,0,0
1299,469.4009048,352.8890519,0,0,0,0,0,0,0,0,0
1300,469.4509048,352.8890519,0,0,0,0,0,0,0,0,0
1301,469.5009048,352.8890519,0,0,0,0,0,0,0,0,0
1302,469.5509048,352.8890519,0,0,0,0,0,0,0,0,0
1303,469.6009048,352.8890519,0,0,0,0,0,0,0,0,0
1306,469.7509048,352.8890519,0,0,0,0,0,0,0,0,0
1307,469.8009048,352.8890519,0,0,0,0,0,0,0,0,0
1308,469.8509048,352.8890519,0,0,0,0,0,0,0,0,0
1334,469.2509048,352.9390519,0,0,0,0,0,0,0,0,0
1335,469.3009048,352.9390519,0,0,0,0,0,0,0,0,0
1336,469.3509048,352.9390519,0,0,0,0,0,0,0,0,0
1337,469.4009048,352.9390519,0,0,0,0,0,0,0,0,0
1338,469.4509048,352.9390519,0,0,0,0,0,0,0,0,0
1339,469.5009048,352.9390519,0,0,0,0,0,0,0,0,0
1340,469.5509048,352.9390519,0,0,0,0,0,0,0,0,0
1341,469.6009048,352.9390519,0,0,0,0,0,0,0,0,0
1345,469.8009048,352.9390519,0,0,0,0,0,0,0,0,0
1346,469.8509048,352.9390519,0,0,0,0,0,0,0,0,0
1372,469.2509048,352.9890519,0,0,0,0,0,0,0,0,0
1373,469.3009048,352.9890519,0,0,0,0,0,0,0,0,0
1374,469.3509048,352.9890519,0,0,0,0,0,0,0,0,0
1375,469.4009048,352.9890519,0,0,0,0,0,0,0,0,0
1376,469.4509048,352.9890519,0,0,0,0,0,0,0,0,0
1377,469.5009048,352.9890519,0,0,0,0,0,0,0,0,0
1378,469.5509048,352.9890519,0,0,0,0,0,0,0,0,0
1379,469.6009048,352.9890519,0,0,0,0,0,0,0,0,0
1384,469.8509048,352.9890519,0,0,0,0,0,0,0,0,0
1409,469.2009048,353.0390519,0,0,0,0,0,0,0,0,0
1410,469.2509048,353.0390519,0,0,0,0,0,0,0,0,0
1411,469.3009048,353.0390519,0,0,0,0,0,0,0,0,0
1412,469.3509048,353.0390519,0,0,0,0,0,0,0,0,0
1413,469.4009048,353.0390519,0,0,0,0,0,0,0,0,0
1414,469.4509048,353.0390519,0,0,0,0,0,0,0,0,0
1415,469.5009048,353.0390519,0,0,0,0,0,0,0,0,0
1416,469.5509048,353.0390519,0,0,0,0,0,0,0,0,0
1417,469.6009048,353.0390519,0,0,0,0,0,0,0,0,0
1447,469.2009048,353.0890519,0,0,0,0,0,0,0,0,0
1448,469.2509048,353.0890519,0,0,0,0,0,0,0,0,0
1449,469.3009048,353.0890519,0,0,0,0,0,0,0,0,0
1450,469.3509048,353.0890519,0,0,0,0,0,0,0,0,0
1451,469.4009048,353.0890519,0,0,0,0,0,0,0,0,0
1452,469.4509048,353.0890519,0,0,0,0,0,0,0,0,0
1453,469.5009048,353.0890519,0,0,0,0,0,0,0,0,0
1454,469.5509048,353.0890519,0,0,0,0,0,0,0,0,0
1455,469.6009048,353.0890519,0,0,0,0,0,0,0,0,0
1491,469.5009048,353.1390519,0,0,0,0,0,0,0,0,0
1492,469.5509048,353.1390519,0,0,0,0,0,0,0,0,0
1493,469.6009048,353.1390519,0,0,0,0,0,0,0,0,0